INSERT INTO brands (id, name) VALUES
(1, 'A'),
(2, 'B'),
(3, 'C'),
(4, 'D'),
(5, 'E'),
(6, 'F'),
(7, 'G'),
(8, 'H'),
(9, 'I');


INSERT INTO categories (id, name) VALUES
                                      (1, '상의'),
                                      (2, '아우터'),
                                      (3, '바지'),
                                      (4, '스니커즈'),
                                      (5, '가방'),
                                      (6, '모자'),
                                      (7, '양말'),
                                      (8, '악세서리');


INSERT INTO products (id, category_id, brand_id, price) VALUES

(1, 1, 1, 11200),
(2, 2, 1, 5500),
(3, 3, 1, 4200),
(4, 4, 1, 9000),
(5, 5, 1, 2000),
(6, 6, 1, 1700),
(7, 7, 1, 1800),
(8, 8, 1, 2300),

(9, 1, 2, 10500),
(10, 2, 2, 5900),
(11, 3, 2, 3800),
(12, 4, 2, 9100),
(13, 5, 2, 2100),
(14, 6, 2, 2000),
(15, 7, 2, 2000),
(16, 8, 2, 2200),

(17, 1, 3, 10000),
(18, 2, 3, 6200),
(19, 3, 3, 3300),
(20, 4, 3, 9200),
(21, 5, 3, 2200),
(22, 6, 3, 1900),
(23, 7, 3, 2200),
(24, 8, 3, 2100),

(25, 1, 4, 10100),
(26, 2, 4, 5100),
(27, 3, 4, 3000),
(28, 4, 4, 9500),
(29, 5, 4, 2500),
(30, 6, 4, 1500),
(31, 7, 4, 2400),
(32, 8, 4, 2000),

(33, 1, 5, 10700),
(34, 2, 5, 5000),
(35, 3, 5, 3800),
(36, 4, 5, 9900),
(37, 5, 5, 2300),
(38, 6, 5, 1800),
(39, 7, 5, 2100),
(40, 8, 5, 2100),

(41, 1, 6, 11200),
(42, 2, 6, 7200),
(43, 3, 6, 4000),
(44, 4, 6, 9300),
(45, 5, 6, 2100),
(46, 6, 6, 1600),
(47, 7, 6, 2300),
(48, 8, 6, 1900),

(49, 1, 7, 10500),
(50, 2, 7, 5800),
(51, 3, 7, 3900),
(52, 4, 7, 9000),
(53, 5, 7, 2200),
(54, 6, 7, 1700),
(55, 7, 7, 2100),
(56, 8, 7, 2000),

(57, 1, 8, 10800),
(58, 2, 8, 6300),
(59, 3, 8, 3100),
(60, 4, 8, 9700),
(61, 5, 8, 2100),
(62, 6, 8, 1600),
(63, 7, 8, 2000),
(64, 8, 8, 2000),

(65, 1, 9, 11400),
(66, 2, 9, 6700),
(67, 3, 9, 3200),
(68, 4, 9, 9500),
(69, 5, 9, 2400),
(70, 6, 9, 1700),
(71, 7, 9, 1700),
(72, 8, 9, 2400);